id,name,model_id:id,group_id:id,perm_read,perm_write,perm_create,perm_unlink
access_research_project_admin,access.research.project.admin,model_research_project,group_research_management_admin,1,1,1,1
access_research_researcher_admin,access.research.researcher.admin,model_research_researcher,group_research_management_admin,1,1,1,1
access_research_project_user,access.research.project.user,model_research_project,group_research_management_user,1,0,0,0
access_research_researcher_user,access.research.researcher.user,model_research_researcher,group_research_management_user,1,0,0,0
