<odoo>
    <!-- Define the Research Management Admin group -->
    <record id="group_research_management_admin" model="res.groups">
        <field name="name">Research Management Admin</field>
        <field name="category_id" ref="base.module_category_administration"/>
    </record>

    <!-- Define the Research Management User group -->
    <record id="group_research_management_user" model="res.groups">
        <field name="name">Research Management User</field>
        <field name="category_id" ref="base.module_category_administration"/>
    </record>
</odoo>
