<odoo>
    <data noupdate="1">
        <!-- Cron Job to Run Every Day -->
        <record id="cron_notify_end_date_approaching" model="ir.cron">
            <field name="name">Notify Researchers for End Date Approaching</field>
            <field name="model_id" ref="model_research_project" />
            <field name="state">code</field>
            <field name="code">model.send_activity_reminders()</field>
            <field name="user_id" ref="base.user_admin"/>
            <field name="interval_number">1</field>
            <field name="interval_type">days</field>
            <field name="active" eval="True"/>
        </record>
    </data>
</odoo>
