<odoo>
  <data noupdate="0">
    <!-- Define the Research Management category -->
    <record model="ir.module.category" id="module_category_research_management">
        <field name="name">Research Management</field>
        <field name="sequence">1</field>
    </record>
       <!-- Define the Research Management User group -->
    <record model="res.groups" id="group_research_management_user">
        <field name="name">User</field>
        <field name="category_id" ref="research_management.module_category_research_management"/>
          <field name="implied_ids" eval="[(4,ref('base.group_user'))]"/>
        <field name="comment">The user will have access to limited data within the Research Management module.</field>
    </record>
    <!-- Define the Research Management Admin group -->
    <record model="res.groups" id="group_research_management_admin">
        <field name="name">Admin</field>
        <field name="category_id" ref="research_management.module_category_research_management"/>
        <field name="implied_ids" eval="[(4,ref('research_management.group_research_management_user'))]"/>
        <field name="comment">The user will have full access to the Research Management module and its configurations.</field>
    </record>
  </data>
</odoo>
