<!-- This record defines a mail activity type for approving Sale Orders -->
<data noupdate="1">
  <record id="mail_activity_data_sale_approval" model="mail.activity.type">
    <field name="name">Sale Order Approval</field>
    <field name="category">default</field>
    <field name="summary">Approve the Sale Order</field>
    <field name="res_model">sale.order</field>
    <field name="default_user_id" eval="False"/>
    <field name="delay_count">0</field>
    <field name="delay_from">current_date</field>
    <field name="icon">fa-check</field>
</record>

</data>
