<?xml version="1.0" encoding="UTF-8" ?>
<odoo>
    <data>
        <!--Mail template for notifying approval-->
        <template id="sale_order_approval_email_template" name="Mail: Sale Order Approval Notification Template">
            <table border="0" cellpadding="0" cellspacing="0"
                   style="padding-top: 16px; background-color: #F1F1F1; font-family:Verdana, Arial,sans-serif; color: #454748; width: 100%; border-collapse:separate;">
                <tr>
                    <td align="center">
                        <table border="0" cellpadding="0" cellspacing="0" width="590"
                               style="padding: 24px; background-color: white; color: #454748; border-collapse:separate;">
                            <tbody>
                                <!-- HEADER -->
                                <tr>
                                    <td align="center" style="min-width: 590px;">
                                        <table border="0" cellpadding="0" cellspacing="0" width="100%"
                                               style="background-color: white; padding: 0; border-collapse:separate;">
                                            <tr>
                                                <td valign="middle">
                                                    <span style="font-size: 10px;">Sale Order</span>
                                                    <br/>
                                                </td>
                                                <td valign="middle" align="right">
                                                    <img t-att-src="'/logo.png?company=%s' % (company.id or 0)"
                                                         style="padding: 0px; margin: 0px; height: 48px;"
                                                         t-att-alt="'%s' % company.name"/>
                                                </td>
                                            </tr>
                                            <tr>
                                                <td colspan="2" style="text-align:center;">
                                                    <hr width="100%"
                                                        style="background-color:rgb(204,204,204);border:medium none;clear:both;display:block;font-size:0px;min-height:1px;line-height:0; margin:4px 0px 32px 0px;"/>
                                                </td>
                                            </tr>
                                        </table>
                                    </td>
                                </tr>
                                <!-- CONTENT -->
                                <tr>
                                    <td style="padding: 0">
                                        <p style="margin: 0px;">
                                            <span>Dear&#160;<t t-esc="assignee_name"/>,</span>
                                            <br/><br/>
                                            <span style="margin-top: 8px;">A Sale Order is waiting for your approval.</span>
                                        </p>
                                        <p style="padding-top: 24px; padding-bottom: 16px;">
                                            <a t-att-href="access_link" t-att-data-oe-model="object._name"
                                               t-att-data-oe-id="object.id"
                                               style="background-color:#875A7B; padding: 10px; text-decoration: none; color: #fff; border-radius: 5px;">
                                                View Sale Order
                                            </a>
                                        </p>
                                    </td>
                                </tr>
                                <!-- FOOTER -->
                                <tr>
                                    <td style="padding: 0; font-size:11px;text-align: center;">
                                        <hr width="100%"
                                            style="background-color:rgb(204,204,204);border:medium none;clear:both;display:block;font-size:0px;min-height:1px;line-height:0; margin: 32px 0px 4px 0px;"/>
                                        <b t-esc="company.name"/>
                                        <br/>
                                        <div style="color: #999999">
                                            <t t-esc="company.phone"/>
                                            <t t-if="company.email">|
                                                <a t-att-href="'mailto:%s' % company.email"
                                                   style="text-decoration:none; color: #999999;">
                                                    <t t-esc="company.email"/>
                                                </a>
                                            </t>
                                            <t t-if="company.website">|
                                                <a t-att-href="'%s' % company.website"
                                                   style="text-decoration:none; color: #999999;">
                                                    <t t-esc="company.website"/>
                                                </a>
                                            </t>
                                        </div>
                                    </td>
                                </tr>
                            </tbody>
                        </table>
                    </td>
                </tr>
            </table>
        </template>
    </data>
</odoo>
