id,name,model_id:id,group_id:id,perm_read,perm_write,perm_create,perm_unlink
access_research_project_admin,access.research.project.admin,model_research_project,group_research_management_admin,1,1,1,1
access_research_project_user,access.research.project.user,model_research_project,group_research_management_user,1,0,0,0
access_research_expenses_user,access.research.expenses.user,model_research_expenses,group_research_management_user,1,1,1,1
access_research_reporting_user,access.research.reporting.user,model_research_reporting,group_research_management_user,1,1,1,1
access_res_partner_user,access.res.partner.user,model_res_partner,group_research_management_user,1,0,0,0
access_res_partner_admin,access.res.partner.admin,model_res_partner,group_research_management_admin,1,1,1,1

